NO,지역,성별,나이,자동차,대중교통,택시,비용,경험,인지,한정도입,완전도입,가구원수,월소득
1,d,F,3,0,4,1,2,1,2,1,1,1,0
3,d,F,2,0,3,2,1,1,1,1,1,3,0
7,c,M,5,1,4,1,2,0,3,1,1,4,0
8,d,M,4,1,3,1,0,0,2,0,1,2,1
9,d,M,5,1,0,0,NA,0,3,0,0,4,2
10,e,F,4,1,4,2,1,1,1,1,1,3,2
11,b,F,3,0,4,1,1,1,1,1,1,3,1
12,c,F,4,0,3,2,0,0,3,1,0,3,1
13,b,M,5,0,4,1,2,0,1,1,1,2,0
14,c,F,3,0,3,1,2,0,2,1,0,4,2
15,d,M,4,0,4,0,1,0,3,1,1,3,0
16,c,M,5,1,3,1,1,0,3,1,1,3,1
17,e,F,5,0,2,0,0,1,2,0,0,3,1
18,d,F,3,0,0,1,NA,1,1,1,0,3,2
19,e,F,2,0,4,1,2,1,3,1,1,2,1
20,b,F,5,1,1,0,0,0,3,1,0,4,2
21,b,F,3,1,3,0,0,0,2,1,1,1,0
22,b,F,3,0,4,3,1,1,1,1,1,2,1
23,a,F,3,0,4,1,2,1,2,1,1,3,2
25,c,M,5,1,3,0,1,0,2,1,1,4,2
27,b,F,3,0,4,2,1,0,5,1,1,1,1
29,b,F,2,1,4,1,1,0,1,1,1,1,0
31,b,M,3,1,2,2,1,0,1,0,0,4,1
32,b,M,5,1,2,3,0,1,3,1,1,3,2
35,b,F,5,1,3,0,1,0,2,1,0,6,1
37,b,F,3,0,4,1,1,0,2,1,0,4,0
38,a,F,5,0,4,2,1,0,1,1,1,3,1
39,c,M,5,1,2,2,0,0,3,1,1,4,2
40,c,M,4,1,3,1,1,0,1,1,1,4,2
41,d,M,4,1,2,1,0,1,2,1,1,4,0
42,c,M,3,1,3,2,1,0,2,1,1,4,1
43,d,F,4,0,2,0,1,0,1,1,0,2,0
44,e,F,5,0,4,1,2,0,3,0,0,2,1
46,d,M,4,0,1,1,0,0,2,0,0,1,1
47,a,F,2,1,4,2,2,1,1,1,1,5,2
48,d,F,5,1,3,2,1,0,2,1,0,5,2
50,b,M,4,1,3,1,1,1,1,0,1,3,1
51,a,M,2,1,2,4,1,1,2,1,1,4,2
53,d,M,5,0,2,2,0,1,1,0,0,3,2
54,a,F,3,0,2,1,0,0,2,0,0,1,0
56,b,M,4,1,3,0,2,0,1,1,0,1,0
58,c,F,5,0,3,1,1,1,2,1,1,4,1
61,d,M,5,1,2,1,0,0,2,1,1,4,2
63,e,M,5,0,4,0,1,0,2,0,0,1,1
64,b,F,3,0,4,1,1,0,2,1,1,2,1
65,e,M,5,1,3,2,1,0,2,1,1,3,1
66,d,M,4,1,4,0,1,0,1,1,0,5,2
67,e,F,3,0,4,3,2,0,2,0,1,4,2
68,b,M,2,0,4,0,2,0,1,1,1,3,0
69,b,F,5,0,2,1,0,0,3,0,1,3,0
70,e,M,4,1,4,2,2,0,2,1,1,3,2
71,c,M,3,1,2,0,0,0,2,0,0,3,2
73,b,M,2,1,3,1,1,0,3,0,0,1,1
74,c,F,3,0,4,2,1,0,1,1,0,1,1
76,c,F,3,1,2,1,0,0,2,0,0,2,1
78,b,M,3,1,2,2,0,0,2,1,1,4,1
79,c,M,4,1,3,1,0,0,1,0,0,3,2
80,c,M,2,0,4,2,1,0,1,1,0,4,2
81,d,F,3,0,4,1,1,0,3,1,1,2,0
82,b,M,4,1,3,1,1,0,3,1,1,4,1
83,c,M,5,1,3,1,2,0,1,0,0,5,2
84,b,M,4,1,3,2,0,0,2,0,1,4,2
85,d,M,4,1,3,2,2,0,2,0,0,4,2
86,d,M,4,1,0,0,NA,0,2,0,0,3,2
87,a,M,3,0,3,1,0,1,2,1,1,4,1
88,d,M,2,0,3,2,1,0,1,1,1,3,0
89,d,M,4,1,2,1,0,0,2,0,0,1,2
90,b,F,2,0,4,2,2,0,1,1,1,4,2
91,b,M,4,1,4,0,1,0,3,1,1,3,1
95,b,M,3,1,2,1,0,1,1,1,1,2,1
96,d,M,5,1,2,0,0,0,1,0,1,4,2
97,d,M,4,1,4,2,1,0,1,1,1,3,2
98,b,M,2,0,3,3,0,0,4,1,1,2,0
99,b,M,4,1,3,1,1,0,2,1,1,3,0
101,b,M,4,1,2,3,0,0,3,0,1,3,2
102,c,M,4,1,4,1,2,1,3,1,1,3,2
103,c,M,3,1,2,2,2,1,2,1,1,4,2
104,a,M,3,1,3,2,2,1,2,1,1,6,2
106,e,M,5,1,3,3,1,0,2,0,1,5,2
107,e,M,5,1,2,0,2,0,2,1,1,3,2
109,d,F,4,1,2,1,1,1,3,0,1,6,1
112,e,F,3,0,3,2,1,0,2,0,1,6,1
113,b,M,4,0,2,0,0,0,2,0,0,2,0
114,a,M,4,0,4,1,1,0,1,1,1,4,1
115,a,M,2,1,2,2,1,0,1,0,0,4,2
116,c,F,4,0,3,2,1,0,2,0,1,4,2
118,c,F,4,0,1,1,0,0,2,0,0,1,0
119,d,M,3,0,3,1,0,0,2,0,1,1,0
120,d,F,2,0,3,2,1,1,1,1,1,4,1
121,c,F,5,1,2,0,0,0,2,0,0,4,1
123,b,M,5,1,4,2,1,0,4,1,1,3,1
124,d,M,3,0,4,2,1,0,1,1,0,3,1
125,a,F,2,1,3,1,1,0,1,0,0,2,2
126,b,F,5,1,2,0,0,0,2,0,0,4,1
127,e,M,4,1,3,1,1,0,2,1,1,2,1
130,b,M,2,1,3,0,1,1,1,1,1,4,1
131,d,M,4,1,2,2,0,0,2,0,1,3,1
132,b,M,5,1,4,2,2,0,2,0,0,3,1
133,b,M,5,1,3,2,1,1,2,1,1,4,2
134,b,M,5,0,0,0,NA,0,1,1,0,3,0
135,e,M,3,0,4,0,1,0,3,1,1,2,1
136,d,F,5,0,4,1,2,0,2,1,1,4,2
137,c,M,4,1,4,1,1,0,2,0,1,4,2
138,c,M,5,1,3,0,1,0,3,1,0,5,1
139,d,M,4,1,2,0,0,0,1,0,0,3,1
140,d,F,4,0,4,1,1,0,1,1,1,3,0
141,d,F,4,0,2,0,0,0,2,0,0,3,1
142,c,F,4,0,3,1,1,0,2,0,0,3,0
143,d,M,3,1,1,1,0,0,1,0,0,4,2
144,d,M,2,0,3,1,0,0,1,0,0,4,2
145,d,M,2,0,3,2,2,1,2,1,1,1,0
146,d,F,4,1,3,0,2,0,2,1,1,2,0
149,b,F,2,0,4,1,1,1,2,1,1,2,2
150,b,F,4,0,4,1,1,0,2,1,1,2,2
151,b,M,4,1,2,1,0,0,1,1,0,1,0
153,b,M,4,1,2,0,0,1,1,0,0,1,0
157,b,M,5,1,2,1,0,0,2,0,0,4,0
158,d,M,5,1,4,0,2,0,1,1,1,4,2
159,d,M,5,1,2,1,2,0,3,0,1,5,2
160,b,M,3,1,2,1,1,0,2,0,0,3,0
161,c,M,5,1,3,0,2,0,2,1,1,2,2
163,b,F,4,0,3,1,0,0,2,1,1,3,1
164,d,F,2,0,4,2,0,0,1,1,1,2,0
165,d,F,4,1,2,0,0,0,2,1,1,4,2
166,c,F,5,1,3,1,2,0,2,1,1,5,2
167,b,M,2,1,3,1,2,1,3,1,1,1,0
169,b,M,2,1,2,1,1,0,2,1,1,4,2
170,e,M,3,1,3,1,2,1,4,1,1,3,1
171,c,M,5,1,4,1,1,0,1,1,0,4,2
172,d,F,3,0,2,0,0,0,2,0,1,4,1
173,b,F,4,1,2,1,0,0,1,1,1,4,2
174,e,F,5,1,3,1,2,0,2,1,1,4,2
175,b,M,3,0,4,1,2,0,2,1,1,2,0
177,c,M,4,0,3,1,0,1,2,0,1,3,0
178,b,F,5,1,1,0,0,0,2,1,0,4,2
179,e,M,3,1,3,1,1,0,3,1,1,3,1
180,b,M,4,1,3,2,2,0,2,1,1,4,1
181,d,M,3,1,4,2,2,0,2,1,1,2,2
182,c,M,2,0,4,1,2,1,2,1,1,4,1
183,d,F,3,1,2,3,2,1,2,1,1,3,2
186,c,M,3,0,4,2,1,1,1,0,1,3,0
187,a,M,5,1,2,0,1,0,3,1,1,4,1
188,a,M,3,1,1,2,2,1,2,1,1,1,1
189,b,F,5,0,3,0,2,0,2,1,1,3,0
190,b,F,3,0,4,0,1,1,3,1,1,3,1
191,c,M,5,1,2,0,0,0,2,0,0,4,2
192,b,F,4,0,4,2,2,0,2,1,1,2,0
193,d,F,4,1,2,0,0,0,2,1,1,4,1
194,b,M,2,1,3,0,0,0,1,1,1,3,2
195,d,M,5,1,4,0,1,1,1,0,0,4,1
196,d,F,4,0,4,0,2,0,2,0,1,4,2
198,d,F,3,0,3,2,1,1,1,0,0,2,2
199,b,M,2,0,4,2,1,0,1,1,0,3,1
201,e,M,5,1,3,1,2,1,3,1,1,4,2
202,a,M,2,0,4,1,1,0,1,1,1,2,0
204,e,F,4,0,3,1,1,1,2,1,0,5,1
205,e,F,3,1,3,0,2,1,2,1,0,3,2
206,b,M,3,1,3,1,1,0,2,1,1,1,0
207,a,M,3,1,0,0,NA,0,1,1,1,1,0
208,d,F,5,0,4,0,2,0,2,1,1,3,1
209,d,F,2,0,4,2,2,1,1,0,0,4,1
210,d,M,4,1,4,2,2,0,2,0,0,1,1
211,d,F,5,1,3,0,1,1,2,1,1,3,2
212,d,F,2,0,4,0,2,0,1,1,1,1,0
214,d,M,5,0,0,0,NA,0,1,1,0,3,0
215,d,F,5,0,4,1,1,0,3,1,1,3,0
216,b,M,3,1,3,2,0,1,2,0,0,4,2
217,b,M,4,0,2,2,1,0,2,1,1,1,0
219,b,F,5,1,2,1,0,1,2,0,1,4,2
220,d,M,4,1,4,1,1,0,3,1,1,4,1
221,d,M,4,1,1,2,0,0,3,1,0,2,0
222,c,F,5,1,4,0,1,0,2,1,0,4,1
223,d,M,2,0,4,1,1,0,1,1,0,1,0
224,d,F,5,1,3,2,0,1,1,0,0,4,2
225,c,F,2,0,4,1,1,0,1,0,1,5,1
226,b,F,4,1,2,2,0,0,1,0,0,3,2
227,a,F,5,1,2,2,2,0,2,1,1,6,2
228,b,M,5,1,4,0,1,0,1,1,1,3,0
229,d,M,3,1,4,2,2,0,1,1,0,2,2
231,b,M,5,0,2,1,0,0,2,0,1,4,1
232,d,F,2,0,4,1,1,0,2,1,1,1,0
233,d,F,2,0,4,0,2,0,1,1,0,5,1
234,d,M,3,1,4,2,2,0,1,1,1,4,2
235,b,M,3,0,3,1,2,0,2,1,0,4,0
236,c,M,5,1,2,2,1,1,3,1,1,2,2
237,b,F,2,0,4,2,2,0,2,0,0,3,2
238,a,M,4,1,4,2,1,0,2,0,1,2,0
239,b,M,2,0,4,1,0,0,1,0,0,4,1
240,b,M,5,1,3,3,0,0,2,1,1,4,2
242,b,M,5,0,4,2,1,0,2,1,1,1,0
243,e,F,3,1,2,0,2,0,2,1,1,1,0
244,b,M,4,1,0,0,NA,0,2,0,0,4,2
245,c,M,3,1,3,1,1,1,2,1,1,4,2
246,b,M,2,0,4,1,1,1,1,1,0,1,1
247,e,F,4,0,4,1,1,0,1,1,1,3,2
249,d,M,3,1,3,1,0,0,1,1,0,1,0
251,e,M,3,1,3,1,1,1,3,1,1,3,2
252,b,M,4,1,2,0,2,1,2,1,1,4,1
253,c,F,4,1,3,1,1,0,2,1,1,3,2
255,b,F,5,0,3,0,0,0,1,0,0,3,2
256,d,M,5,1,3,1,2,1,2,1,1,4,2
257,d,F,3,0,4,1,1,0,1,1,1,1,0
258,e,M,2,1,3,2,2,0,1,1,0,4,2
259,c,F,5,1,3,1,1,1,3,1,1,3,2
260,b,F,5,0,2,3,0,1,2,1,1,4,2
261,b,F,4,0,4,0,1,0,1,1,1,6,0
263,c,F,5,1,3,1,0,0,1,0,1,4,2
265,c,M,3,0,4,1,2,1,2,1,1,4,2
267,d,M,4,1,3,0,1,0,1,1,0,4,2
268,d,M,3,1,3,1,1,1,1,1,0,2,0
269,c,M,5,1,4,1,1,0,3,1,1,3,2
270,c,F,3,0,1,0,2,0,2,0,1,3,1
271,e,F,4,0,4,1,1,0,1,1,1,2,1
275,d,F,2,1,3,2,1,1,2,1,1,4,1
276,b,M,5,0,3,1,2,0,2,1,1,2,0
277,a,F,2,1,3,1,2,0,1,1,1,4,1
279,c,M,3,0,4,0,1,1,1,1,0,4,1
280,c,M,2,1,4,0,2,0,1,1,1,4,0
281,d,F,5,1,2,1,0,0,3,1,1,4,2
282,e,M,3,0,3,0,0,1,1,0,0,3,0
283,c,M,4,1,3,1,1,0,1,1,0,5,2
284,a,M,5,1,3,1,2,0,2,1,0,4,1
286,b,M,3,1,1,1,0,0,1,1,1,2,2
287,b,F,5,0,4,0,1,0,1,1,0,4,0
288,c,M,5,1,3,2,2,0,2,1,1,2,1
289,b,F,5,0,2,1,0,0,3,1,1,4,2
290,d,M,4,1,1,1,0,0,1,1,0,1,0
292,a,M,5,1,2,1,0,0,3,1,1,4,1
293,b,M,4,1,3,2,1,1,2,0,1,2,2
294,c,M,2,0,4,1,1,0,1,1,0,5,2
295,d,F,2,1,4,2,2,1,2,1,1,5,2
296,c,F,4,0,3,1,2,0,2,1,1,4,2
297,c,F,4,1,4,1,0,0,1,1,0,4,2
298,d,M,4,1,2,0,0,0,1,1,0,4,0
299,a,M,3,1,2,1,2,0,2,1,1,4,2
300,d,M,3,1,3,1,1,0,2,1,1,5,2
301,d,F,2,0,2,1,0,1,1,0,0,1,0
302,d,F,3,1,2,1,2,1,2,0,1,4,1
304,e,M,4,1,1,0,0,1,2,0,1,4,2
305,c,F,4,1,4,2,1,0,2,1,1,3,2
306,b,M,4,1,4,2,2,0,2,1,1,4,2
308,e,M,2,0,3,0,2,0,2,1,1,4,0
310,b,M,4,1,4,1,1,0,2,0,0,4,1
311,d,M,3,1,2,0,0,0,2,1,1,1,1
314,b,M,5,0,4,0,1,0,2,1,0,5,1
315,c,M,5,1,2,1,2,0,4,1,1,4,2
317,d,M,2,0,3,2,0,0,3,1,1,2,1
318,b,M,3,0,4,3,2,0,1,1,1,1,1
319,b,M,5,1,4,0,1,0,2,1,0,2,2
320,c,M,3,1,4,2,1,1,1,1,0,5,2
321,b,M,4,1,4,1,1,0,2,0,1,4,2
323,b,M,5,0,3,1,0,0,2,0,0,4,2
324,e,M,4,1,4,2,1,0,2,1,1,4,1
325,c,M,4,1,4,2,1,1,4,1,1,5,2
326,c,M,3,1,2,0,2,0,3,1,1,2,1
327,d,M,4,1,0,2,NA,0,2,1,1,4,1
328,b,M,3,1,2,0,1,0,1,1,0,4,2
329,e,M,4,1,3,1,1,0,3,1,0,2,1
330,e,M,3,1,3,0,1,0,1,1,1,3,1
331,a,M,3,1,2,1,1,1,5,0,0,3,0
333,d,M,3,1,4,2,1,0,3,1,1,4,1
334,e,F,5,1,3,0,0,0,3,0,0,2,2
335,b,M,2,1,4,1,1,0,2,0,0,4,1
339,d,F,5,1,2,0,0,0,2,0,0,4,2
340,b,M,4,1,4,1,1,0,1,1,0,4,1
341,e,M,5,1,2,2,1,0,2,1,1,5,2
342,b,M,2,1,2,1,2,1,3,1,1,3,2
343,d,F,4,1,2,2,0,0,2,0,0,3,2
344,b,M,3,1,1,3,2,1,5,0,1,2,2
345,b,M,4,1,2,1,1,0,1,0,0,4,2
347,d,F,3,1,3,2,2,0,3,1,1,1,1
348,b,F,3,0,4,1,0,0,1,0,0,3,2
349,b,M,5,1,2,1,0,0,3,1,1,3,1
350,b,M,2,0,4,2,2,0,1,1,0,4,1
351,b,F,4,1,2,0,0,0,1,0,0,3,2
352,b,M,3,1,2,2,0,1,2,0,1,1,0
353,e,F,2,0,4,3,2,1,3,1,1,5,2
354,b,F,5,1,2,1,2,0,2,0,0,4,1
356,c,F,3,0,4,2,1,1,1,1,1,1,1
357,e,M,4,1,3,0,0,0,1,1,1,4,0
359,d,M,5,1,3,0,0,0,1,1,0,4,2
360,d,F,2,1,3,2,1,0,2,1,1,4,2
361,b,M,5,1,3,1,2,0,2,1,1,4,2
362,c,F,3,1,2,2,1,0,2,1,0,2,1
363,e,M,4,1,4,1,1,0,1,1,1,3,2
364,d,F,4,1,3,2,0,1,2,1,1,4,2
365,b,F,5,1,1,0,0,0,1,0,0,2,2
366,e,M,4,1,4,2,1,0,2,1,1,2,1
367,d,M,3,0,4,2,2,1,1,1,1,5,0
368,b,F,2,0,4,3,2,1,1,1,1,4,2
369,b,F,4,0,4,0,1,0,2,0,1,4,0
370,c,M,4,0,4,2,1,1,1,0,0,2,1
371,d,F,3,0,4,1,2,0,2,1,1,4,1
372,e,F,3,1,2,0,2,0,2,1,1,3,2
374,b,F,5,1,4,0,2,0,2,0,0,3,1
375,d,M,3,1,2,2,0,0,1,0,0,3,1
377,b,M,5,1,4,1,2,0,3,1,1,4,1
379,d,M,5,0,0,0,NA,1,3,1,1,1,0
380,d,F,4,0,4,0,1,0,2,1,1,1,0
381,c,M,3,1,4,0,1,0,1,1,1,1,0
382,c,M,3,1,4,1,1,1,1,1,0,2,0
383,b,F,3,0,4,1,1,0,2,0,0,4,2
384,d,M,3,1,4,0,2,0,2,1,1,4,1
385,c,M,5,0,2,0,0,0,2,0,0,3,0
386,c,F,3,1,4,1,2,0,1,1,0,3,1
387,d,F,3,0,4,1,2,1,3,0,1,3,2
388,c,F,3,0,3,2,2,0,2,1,1,3,0
389,c,M,4,1,2,2,0,0,2,1,1,4,2
390,e,M,5,1,4,1,2,0,2,1,1,1,0
391,e,M,3,1,4,0,1,0,1,1,1,3,1
393,d,F,3,0,3,0,1,0,1,0,0,2,1
394,d,M,4,1,2,1,0,0,2,0,0,1,1
395,d,F,4,0,4,1,1,0,2,1,1,4,1
396,d,M,5,1,4,0,1,0,2,0,0,4,1
397,a,F,4,1,2,1,0,0,1,0,0,3,1
399,b,M,5,1,4,0,1,0,2,1,1,4,2
401,d,M,3,1,2,1,0,0,2,1,1,3,1
402,d,F,3,0,4,1,1,0,1,1,0,2,1
403,d,M,5,1,4,1,1,1,3,1,0,3,2
404,a,M,4,1,2,2,2,0,2,0,0,5,2
405,c,M,5,1,2,2,2,0,2,1,1,3,2
406,d,M,3,1,2,1,1,0,2,1,1,4,0
407,b,M,4,1,4,1,1,0,2,1,1,4,2
408,d,F,5,0,3,0,0,0,3,1,1,4,0
409,c,M,5,1,3,1,1,0,1,1,1,4,1
410,b,M,4,1,4,2,2,0,1,1,1,4,0
411,d,M,5,0,4,0,1,0,3,1,1,4,1
412,b,M,3,1,4,1,1,0,1,0,1,4,1
413,b,F,3,0,0,2,NA,0,1,0,0,4,1
414,b,F,5,1,3,0,1,0,1,0,0,4,2
415,d,F,4,1,2,1,0,1,2,0,0,3,1
416,e,F,3,1,4,1,1,1,2,1,1,3,1
417,b,M,3,1,4,1,1,0,2,1,1,4,1
418,d,M,5,1,2,1,0,1,3,0,1,4,2
419,b,M,5,1,2,1,0,0,2,1,1,2,1
421,b,M,4,1,3,2,1,0,2,1,1,4,1
422,b,M,5,1,4,2,2,0,1,1,1,6,2
423,d,M,3,1,4,0,1,0,1,1,1,3,2
424,d,F,4,0,4,2,1,1,2,1,1,2,0
426,b,M,5,1,3,2,1,0,2,0,0,1,0
429,c,M,3,1,4,2,2,0,1,1,1,1,0
430,e,M,5,1,2,1,0,0,1,1,0,4,1
431,b,F,2,0,4,2,1,1,1,1,0,4,1
432,d,M,3,0,3,0,0,1,2,1,1,2,0
433,b,M,3,1,3,2,1,0,1,1,1,2,2
436,e,F,5,1,1,1,0,0,3,0,0,2,1
438,d,M,5,1,2,2,2,0,2,1,1,4,2
439,d,F,5,0,4,1,2,0,2,1,1,2,0
440,c,F,5,1,3,1,0,0,2,0,0,2,2
441,a,F,3,0,4,0,1,0,1,1,1,4,2
443,d,M,3,1,2,2,2,1,3,1,1,3,2
444,e,F,3,1,4,2,2,0,1,1,1,3,1
445,d,F,5,0,4,2,1,0,1,1,0,1,0
446,e,F,5,0,2,0,0,0,2,1,0,3,2
449,a,M,5,1,2,1,0,0,1,0,0,2,1
450,d,F,4,1,4,1,1,0,1,1,0,3,1
451,b,M,4,1,2,0,0,0,2,0,0,6,0
452,c,F,3,1,3,0,1,0,1,1,1,5,2
453,b,F,4,0,4,2,1,0,2,1,1,4,2
454,c,F,5,1,1,0,0,1,3,0,1,5,0
456,c,M,4,1,1,1,0,0,1,0,0,4,2
457,b,M,3,1,3,1,0,0,2,1,0,3,1
458,d,F,5,0,4,1,2,0,2,1,1,4,0
459,e,M,5,0,4,1,1,0,1,1,1,4,1
462,c,F,4,0,3,1,2,1,3,0,1,4,1
463,b,F,3,0,4,1,2,1,4,1,1,1,0
464,d,F,2,0,4,1,2,0,2,1,1,1,0
465,b,M,5,1,3,2,2,0,2,0,1,5,2
466,c,M,5,1,2,0,0,0,1,0,0,4,0
468,c,F,5,1,2,1,0,0,2,1,1,4,2
469,d,F,3,0,4,1,2,0,1,1,1,3,2
470,e,F,5,1,2,1,0,0,2,0,0,2,0
472,e,F,3,0,4,0,1,0,3,1,1,4,1
473,d,M,3,1,3,3,0,0,1,0,0,4,2
474,a,M,2,1,3,2,2,1,3,1,1,3,1
476,c,F,3,1,3,0,1,1,1,1,1,3,2
477,d,F,2,1,3,1,1,0,3,1,1,4,2
478,c,M,4,0,2,1,0,0,1,0,0,1,0
479,d,M,2,0,4,2,0,1,2,1,0,4,0
480,b,F,3,1,3,2,0,0,2,1,0,4,0
481,b,M,4,1,2,2,0,0,2,0,0,2,1
482,b,F,2,0,4,3,2,1,2,1,1,4,2
484,d,F,2,0,3,2,1,0,1,1,1,1,1
485,e,F,2,0,4,2,1,0,2,1,1,3,0
487,d,F,3,1,3,0,1,0,2,1,1,4,1
491,b,M,4,1,2,0,0,0,2,0,0,3,1
492,c,M,5,1,1,0,0,0,3,1,1,3,1
493,b,M,4,1,2,1,1,0,2,1,1,3,1
494,b,F,5,1,1,1,0,1,3,0,1,4,2
495,d,F,5,1,2,1,0,0,3,0,0,3,2
496,c,M,1,0,4,2,2,0,3,1,1,3,0
497,d,F,4,0,4,2,2,0,2,1,1,2,2
498,c,F,2,1,1,1,0,1,2,0,1,4,2
499,e,M,5,1,2,0,0,0,2,0,1,4,2
500,b,F,5,1,3,3,2,0,3,1,1,3,1
501,b,M,5,1,1,1,0,0,1,1,1,4,0
502,e,M,4,1,3,2,2,0,1,1,0,4,2
503,b,F,3,0,4,2,1,0,1,1,0,6,2
504,b,M,4,0,4,0,2,0,1,1,0,2,0
505,b,F,3,0,2,1,1,0,2,1,1,5,1
506,d,M,3,0,4,0,2,0,4,0,0,4,0
507,c,F,5,0,2,0,0,0,1,0,0,2,0
508,b,F,2,0,3,1,1,0,1,1,1,6,2
509,b,F,5,0,0,2,NA,0,1,0,0,1,0
510,b,F,4,0,4,1,1,0,1,0,0,5,2
511,b,M,4,1,3,0,0,0,1,1,1,3,1
513,d,F,5,0,4,1,1,0,2,1,0,3,0
514,b,M,5,1,2,2,2,0,3,1,1,5,1
515,b,M,3,1,2,2,1,0,2,0,0,3,2
517,c,F,2,0,4,2,2,1,1,1,1,3,0
518,d,F,3,1,2,1,1,1,2,1,1,4,2
519,c,M,4,1,2,2,2,0,3,1,1,1,2
521,d,F,5,0,3,0,0,0,2,0,0,3,1
522,a,F,2,1,3,2,0,1,3,1,1,1,1
523,d,F,4,0,4,2,2,0,2,1,0,2,1
524,d,F,4,0,2,0,0,0,2,1,0,3,2
525,c,F,2,0,4,3,1,0,1,1,1,2,1
528,c,M,3,1,3,0,1,0,2,1,1,4,1
529,b,M,5,1,3,1,2,0,3,1,0,5,1
530,a,F,2,0,4,1,1,0,1,1,1,4,2
531,d,F,2,0,4,2,2,1,2,1,1,4,1
532,d,F,3,1,3,1,1,0,3,0,1,2,2
533,b,M,4,1,3,2,2,1,3,1,1,4,2
534,d,F,5,0,4,0,2,0,4,1,0,4,1
535,c,M,3,1,1,1,0,0,1,0,0,1,1
536,a,M,3,1,1,0,0,0,2,0,0,4,0
538,c,M,3,1,4,1,1,0,2,0,0,4,2
539,c,F,5,1,3,1,1,1,2,0,0,4,2
541,c,M,5,0,4,1,1,0,2,1,0,3,1
542,d,M,5,1,4,1,2,0,3,1,1,5,2
545,b,M,3,1,1,2,1,1,3,1,1,4,1
546,b,F,3,0,4,2,2,0,2,1,0,3,1
547,b,F,2,0,3,1,1,0,1,1,0,5,2
548,d,M,5,1,4,1,1,0,1,1,0,3,2
549,d,F,2,0,4,2,1,0,1,0,0,4,2
550,e,M,3,1,3,3,0,1,2,0,0,4,1
551,b,F,5,0,4,1,1,0,3,0,0,3,2
552,d,F,4,0,4,1,2,0,2,1,1,4,1
554,c,M,5,1,4,2,2,1,3,1,1,3,2
555,e,M,5,0,3,2,0,1,2,1,1,5,1
556,d,M,2,1,3,1,1,0,1,1,1,3,1
557,d,F,2,1,3,1,1,0,1,1,1,1,0
559,d,F,4,1,2,1,0,0,1,1,1,4,2
561,d,M,2,0,4,1,1,0,2,1,1,4,0
562,d,F,2,0,4,2,2,0,1,0,0,4,1
563,c,M,3,1,3,1,0,0,1,0,0,4,1
564,b,M,4,1,3,1,2,0,3,1,1,3,1
565,b,M,5,0,4,2,0,0,4,1,1,2,0
566,d,F,2,1,3,2,0,1,2,1,1,2,0
568,d,F,3,0,4,2,1,1,2,1,0,2,1
569,d,F,3,0,3,2,0,1,5,1,1,5,0
570,c,F,5,1,4,1,1,0,2,0,1,3,2
571,d,F,3,0,4,2,1,0,1,1,1,1,0
572,b,F,4,1,2,1,2,1,3,1,1,4,1
574,d,F,5,0,2,0,0,0,1,1,0,4,1
575,d,M,2,1,2,2,0,0,1,0,0,5,1
576,c,M,3,1,3,2,0,0,1,0,0,5,2
577,e,M,5,1,4,2,1,0,2,1,1,4,2
578,c,M,3,1,4,1,1,0,5,1,1,2,0
579,c,M,4,1,2,2,1,1,2,1,1,3,1
580,d,F,4,1,3,2,2,1,3,1,1,4,1
581,d,F,3,0,4,2,1,0,1,0,0,4,2
582,d,F,3,0,4,0,1,0,1,1,1,2,1
585,d,M,4,0,4,2,1,0,3,1,1,4,2
586,c,F,3,1,3,1,1,0,2,1,1,3,0
587,a,F,5,0,2,1,0,0,3,1,1,1,0
588,d,F,2,0,4,0,1,1,1,1,1,2,0
589,b,F,2,1,3,1,2,1,5,1,1,4,2
591,b,M,5,1,2,1,0,1,1,1,1,4,1
592,e,F,1,0,4,1,1,0,1,1,0,4,1
593,d,F,2,0,4,2,1,1,1,1,1,4,2
594,a,M,2,1,3,2,0,1,1,0,0,2,2
595,e,M,5,1,1,1,0,0,1,0,0,4,2
596,c,F,2,1,3,2,1,1,4,1,1,5,2
597,b,F,5,1,3,1,0,0,2,1,0,4,0
598,d,F,2,1,2,1,1,1,3,1,1,3,2
599,c,F,4,0,4,1,1,0,2,1,1,5,1
600,c,F,5,1,3,0,1,0,3,1,1,4,1
601,c,F,5,0,4,0,1,0,3,1,1,4,2
602,d,M,2,1,4,2,0,0,1,1,0,3,2
603,d,M,4,0,4,0,0,0,2,1,0,1,0
604,d,F,3,0,4,0,1,0,2,1,1,2,1
605,b,M,5,0,4,3,2,1,2,1,1,4,1
606,c,M,1,0,4,1,2,0,1,1,1,5,1
607,e,F,4,1,3,1,2,0,2,1,1,4,1
608,d,F,4,0,4,1,1,0,1,0,0,3,1
609,e,M,2,0,4,2,1,0,3,1,1,1,1
610,d,M,4,1,1,1,0,0,1,1,0,3,1
611,b,F,4,1,1,0,0,0,1,0,0,4,1
613,b,M,4,1,4,2,1,0,1,1,1,4,2
614,e,F,2,1,3,2,1,1,1,1,1,6,2
616,d,M,3,0,4,0,2,1,2,1,1,3,0
617,d,F,4,1,1,1,0,0,1,1,1,3,2
618,a,M,4,1,2,0,2,1,5,1,1,4,1
621,d,M,5,1,1,1,0,0,1,1,0,4,1
622,b,F,5,0,4,3,2,1,1,1,1,4,2
623,b,M,5,0,4,0,2,0,2,0,0,1,1
625,d,F,4,1,3,2,0,0,2,1,1,3,2
628,d,F,2,0,4,2,1,0,1,1,0,2,2
629,b,M,4,0,4,2,2,1,4,1,1,2,1
630,b,F,3,1,4,1,2,0,1,1,1,4,2
631,b,F,4,1,1,0,0,0,1,0,0,5,2
632,b,F,4,0,4,1,1,0,1,1,1,1,2
633,b,F,2,0,4,1,1,0,1,0,0,1,0
635,b,M,3,1,4,1,0,1,1,0,0,3,1
637,b,F,4,1,1,2,2,0,2,1,1,4,1
638,b,M,5,1,2,1,2,1,2,1,1,2,2
639,b,F,2,0,4,1,1,0,2,1,0,4,0
640,c,F,3,0,4,2,2,0,3,1,1,3,1
641,b,F,4,0,3,2,0,0,1,1,0,3,2
642,a,F,4,0,3,1,0,1,2,1,1,4,1
643,b,F,2,0,4,2,2,1,2,0,1,1,1
644,a,M,5,1,4,0,1,1,3,0,1,4,1
645,b,F,3,0,4,2,2,0,1,1,0,1,0
647,b,F,4,1,3,2,0,0,3,1,1,1,1
648,b,M,5,1,4,2,2,1,1,1,1,4,2
650,b,F,4,1,4,1,1,0,1,0,0,3,2
651,a,F,3,0,2,0,0,0,1,0,0,2,0
652,a,F,3,0,4,0,1,0,2,1,1,4,1
654,e,F,4,0,1,0,2,1,1,1,1,4,2
655,a,F,5,1,3,1,0,0,2,1,1,2,1
656,a,M,5,1,2,2,0,0,2,0,1,4,2
658,b,M,5,1,3,2,2,1,4,1,1,4,2
659,c,F,2,0,4,2,2,0,1,1,0,3,2
660,c,F,2,0,4,1,1,0,1,1,0,4,2
661,b,F,3,1,3,1,0,0,1,0,0,3,1
662,b,M,5,1,4,0,1,1,3,1,1,4,1
663,d,M,4,1,4,0,1,0,2,0,0,4,1
664,c,F,3,0,4,2,1,0,1,1,1,1,0
666,b,F,3,1,4,2,1,0,2,0,0,3,2
667,b,F,5,1,3,0,1,0,2,1,1,4,2
668,b,F,3,1,3,0,1,0,2,1,1,2,2
669,b,F,4,0,1,0,0,0,1,0,0,4,1
671,e,F,3,0,4,1,1,1,2,1,1,6,2
672,c,M,5,1,3,1,0,0,2,1,1,4,2
674,e,F,3,0,4,2,2,0,2,1,1,3,1
675,c,F,2,0,4,2,0,1,1,1,0,4,1
677,b,F,4,1,2,2,2,1,3,1,1,4,1
678,c,M,5,1,4,1,1,0,2,1,1,4,1
679,b,F,4,0,3,0,1,0,1,0,0,2,2
680,b,F,4,0,4,2,1,0,3,0,1,4,2
681,b,F,4,0,4,2,1,0,2,1,1,4,2
682,c,F,3,1,2,0,0,0,1,0,0,3,2
683,c,F,2,0,4,2,2,0,1,1,1,1,0
684,b,F,3,1,4,3,2,0,2,1,1,1,0
685,d,M,2,1,2,1,1,0,1,0,1,4,2
686,e,F,4,1,4,1,1,0,3,1,0,4,2
687,d,M,4,1,2,0,0,0,1,1,1,4,2
688,d,M,2,1,4,0,1,0,1,1,1,2,0
689,c,F,5,0,1,0,0,0,1,0,0,4,1
690,b,M,2,0,4,1,2,0,1,1,1,1,0
691,d,M,5,0,4,1,1,0,2,1,1,4,1
692,e,M,3,1,4,1,2,0,4,0,1,4,2
695,c,M,2,0,4,2,2,1,4,1,1,3,0
696,d,M,2,1,3,1,0,1,1,0,0,3,2
697,b,M,2,0,4,2,2,0,1,1,1,1,1
698,e,F,3,1,1,2,2,1,4,0,1,1,1
699,c,F,5,1,2,0,0,0,2,0,1,3,2
701,a,F,3,1,4,2,1,1,1,1,1,5,2
702,d,M,3,1,4,1,1,0,1,1,1,3,2
703,b,F,3,0,4,2,1,0,3,0,1,3,2
704,b,M,4,1,4,0,1,0,2,1,1,4,1
705,d,F,3,0,4,0,1,0,1,1,0,1,0
707,d,F,4,1,2,0,1,0,2,1,1,4,2
708,c,F,3,1,4,3,1,1,1,1,0,3,2
709,d,F,3,0,4,1,1,0,1,1,1,2,2
710,d,M,2,0,4,2,2,0,2,1,1,4,2
711,d,F,5,0,3,1,0,0,2,1,1,3,2
712,d,F,4,0,4,1,2,0,3,1,1,4,2
713,b,F,4,1,1,2,0,1,2,1,0,3,1
714,b,F,3,1,4,0,1,0,2,1,0,3,1
715,c,M,3,1,2,1,0,0,2,1,1,3,1
716,d,M,5,0,4,0,1,0,1,1,1,4,0
717,b,M,4,1,2,2,0,0,2,0,0,4,1
718,d,M,5,1,2,0,1,0,1,0,0,4,2
719,b,F,3,0,4,0,1,0,1,1,0,2,2
722,b,F,4,0,4,1,1,0,1,1,1,4,1
723,e,M,3,1,4,2,1,0,3,0,1,4,2
725,c,F,5,0,3,1,0,1,3,0,0,4,2
726,b,M,3,1,3,1,1,0,2,0,0,1,2
727,c,F,3,0,4,1,1,0,2,1,1,4,2
728,e,F,4,1,3,2,2,0,2,1,1,3,1
730,b,F,5,1,3,0,2,0,2,1,1,5,2
732,d,F,5,1,1,0,0,0,3,0,1,3,2
733,d,M,4,1,3,0,2,0,2,1,1,1,1
734,e,F,4,0,4,2,2,0,2,1,1,2,0
735,c,F,2,0,4,0,1,0,1,1,0,4,2
737,d,M,4,1,4,1,1,0,2,1,1,4,1
738,e,M,4,1,1,1,2,0,2,0,0,3,2
739,c,F,4,0,4,1,1,0,1,1,1,3,1
741,d,M,4,1,1,0,0,0,3,0,0,2,0
742,b,F,3,1,4,0,1,0,2,1,1,4,1
743,b,F,3,0,4,0,1,0,2,1,0,4,2
744,c,F,4,0,3,1,1,0,2,0,0,4,2
745,b,M,3,1,4,1,1,0,2,0,0,4,2
746,c,F,3,0,4,0,1,0,1,1,0,4,0
748,b,M,3,1,4,2,1,0,3,1,1,4,1
749,c,F,3,1,3,2,2,1,1,0,0,1,1
750,d,M,4,1,4,2,2,0,1,1,1,4,2
751,d,M,3,0,4,2,1,1,2,1,1,4,2
752,d,F,2,0,4,0,1,0,1,1,0,1,0
754,c,M,3,1,3,1,1,1,2,1,1,1,1
756,b,F,4,0,4,2,1,1,1,1,0,3,2
757,d,F,3,1,0,0,NA,0,1,1,1,1,1
758,c,M,5,0,4,2,1,0,1,1,1,4,2
760,e,F,4,1,2,0,0,0,3,0,0,3,1
761,b,M,3,1,2,2,0,0,1,0,0,3,1
762,c,M,4,1,3,2,1,1,3,1,1,1,1
763,e,F,2,0,4,3,1,1,1,1,0,5,0
764,d,F,2,0,4,1,1,1,2,1,1,2,1
765,d,M,5,1,4,2,1,0,2,0,1,3,2
766,b,F,4,0,4,2,1,1,2,1,0,4,2
767,b,F,3,0,4,1,1,0,1,1,1,1,0
768,b,F,2,1,3,3,1,1,3,1,1,4,1
770,d,F,4,0,3,0,0,0,2,0,0,5,2
771,a,M,4,1,3,1,2,1,3,1,1,5,1
772,e,F,3,0,3,0,0,0,2,0,1,2,2
773,d,F,4,0,3,1,2,0,1,1,0,3,1
774,d,F,4,0,4,2,2,1,5,1,1,5,2
775,d,M,3,1,3,1,1,1,2,1,0,3,0
777,d,M,4,0,4,1,1,0,2,1,1,3,0
780,d,F,3,1,1,1,2,1,1,0,0,2,0
782,b,F,4,0,2,1,0,0,2,0,1,3,0
785,b,F,4,1,2,0,0,0,1,0,0,4,1
786,c,F,4,1,3,1,0,1,2,0,0,4,2
787,b,F,4,0,4,1,1,0,2,0,0,3,2
788,d,F,2,0,4,1,2,0,1,1,1,4,2
789,d,M,2,0,4,2,2,0,2,0,0,4,2
790,e,F,5,0,3,1,0,0,3,0,1,4,2
791,d,F,5,0,4,1,2,0,3,0,0,2,1
792,d,F,4,0,2,0,0,0,2,1,1,4,1
793,d,M,4,0,3,1,0,0,1,1,0,1,0
795,c,M,4,1,1,1,0,0,2,0,1,3,1
796,b,M,3,1,4,2,1,0,3,1,1,2,1
797,b,F,3,0,4,2,2,0,4,1,1,3,2
798,d,M,3,0,4,0,2,0,1,1,1,1,0
799,d,M,5,1,2,2,1,0,3,0,1,3,1
800,c,F,2,0,4,0,1,0,1,1,1,5,2
801,e,F,2,0,4,2,2,0,1,1,1,4,2
802,d,M,3,1,4,2,1,0,1,1,1,1,0
804,a,M,5,1,2,3,1,0,1,0,0,4,2
806,b,F,2,0,4,1,0,0,1,0,0,4,1
807,d,M,4,1,4,2,1,0,1,1,0,4,2
810,b,F,4,0,4,0,2,0,1,0,1,4,1
811,d,M,4,1,4,1,1,0,2,1,1,4,2
812,c,F,4,1,3,2,1,0,1,0,0,2,2
815,b,M,5,1,4,2,1,1,2,0,0,3,2
816,b,F,5,1,1,2,0,1,2,0,1,4,2
817,e,M,5,1,3,2,2,1,2,1,1,3,2
820,b,M,4,1,3,1,1,1,3,0,1,4,2
821,d,M,4,1,3,2,0,0,2,0,0,3,2
823,e,F,3,1,2,1,1,0,2,1,1,3,2
824,b,F,4,0,4,1,1,0,1,0,0,3,1
825,b,F,4,0,4,3,1,1,3,1,1,4,0
826,d,F,5,1,3,1,0,1,4,1,1,4,2
828,c,F,2,1,3,2,2,1,1,1,1,4,2
829,e,M,2,1,4,2,2,1,3,0,0,3,1
830,d,F,5,0,4,1,1,1,2,0,0,3,1
832,b,F,4,0,2,0,0,0,2,0,0,3,0
833,d,M,3,1,3,2,2,0,2,1,1,3,2
835,c,F,3,1,3,1,2,0,1,1,0,3,2
836,d,F,2,1,4,1,1,1,1,1,1,6,1
838,c,F,2,0,4,1,1,1,2,1,1,4,2
840,d,F,5,1,2,2,0,1,1,1,1,5,2
841,b,M,4,1,2,1,0,0,2,1,1,4,2
844,d,M,5,1,3,3,2,1,3,0,1,5,2
845,c,F,3,0,4,2,1,1,1,0,0,3,2
846,d,F,5,0,2,0,0,0,1,0,0,4,2
847,b,F,2,0,4,1,0,0,1,0,0,5,2
849,c,F,5,1,2,1,0,0,2,0,0,4,2
850,c,F,4,0,4,1,1,0,1,1,1,3,0
851,b,F,3,0,4,1,1,0,2,0,1,3,1
852,c,M,4,0,2,1,2,0,2,1,1,3,0
853,e,F,4,0,3,2,1,0,3,1,1,4,1
855,c,F,2,0,4,1,1,0,1,0,0,2,1
856,d,M,4,1,4,1,1,0,1,0,0,4,2
857,b,F,5,0,3,3,1,1,3,1,1,2,1
861,e,F,4,1,3,0,0,0,1,1,1,3,1
862,b,F,3,0,3,1,1,0,1,1,1,1,0
863,c,F,2,0,4,3,1,0,2,1,1,4,2
864,c,F,2,1,3,2,2,1,1,1,0,5,2
865,b,M,5,0,4,2,2,0,2,1,1,4,1
867,b,M,3,0,2,2,0,0,1,0,0,3,0
868,b,F,5,1,2,1,0,0,2,1,1,4,0
869,c,M,3,0,4,3,2,0,3,1,1,4,2
870,b,M,3,1,3,2,1,1,2,1,1,3,1
871,d,M,3,0,4,2,1,1,2,1,1,1,0
872,b,M,4,1,1,1,0,1,2,0,0,5,1
874,d,M,4,1,2,2,0,0,2,0,1,4,2
875,c,M,4,0,4,2,0,0,1,0,0,3,2
876,e,M,4,0,3,1,1,0,2,1,1,1,0
878,d,F,2,0,4,2,2,1,2,1,1,1,0
879,b,F,5,0,4,1,2,0,3,1,1,1,0
880,d,M,4,0,2,0,0,0,1,0,0,1,0
881,b,M,3,1,2,0,0,1,3,1,1,3,0
883,b,M,3,1,4,2,1,0,1,0,0,2,1
884,c,F,2,0,3,2,1,1,1,1,0,2,0
885,d,M,5,1,0,0,NA,1,2,0,1,4,1
886,c,M,2,0,3,2,2,0,1,1,0,4,1
888,e,M,4,1,2,1,0,0,2,1,0,2,1
889,c,M,4,1,3,1,0,1,1,1,1,3,1
890,b,F,2,1,2,2,0,1,2,1,1,1,1
892,b,F,2,0,4,1,1,1,2,1,1,4,1
893,b,F,3,0,3,3,1,1,1,1,0,3,1
894,d,F,4,0,4,0,1,0,2,1,1,2,1
895,d,M,2,1,3,1,1,1,1,1,1,1,0
896,b,F,5,1,4,0,1,0,1,0,0,3,1
897,d,F,5,1,1,0,0,0,2,1,1,4,1
898,b,F,3,0,3,3,1,1,3,1,1,5,2
899,d,M,2,0,4,0,2,0,1,1,0,1,0
900,d,M,3,0,4,2,2,0,3,1,1,4,1
901,d,M,3,0,4,1,0,0,1,0,0,3,1
903,b,M,3,1,4,1,1,0,2,0,1,2,0
905,c,F,2,0,3,1,1,0,1,1,1,4,1
906,c,F,5,1,2,2,0,1,3,1,0,4,2
907,c,M,4,0,4,0,2,0,1,0,0,2,0
911,c,F,3,1,4,1,1,0,4,1,1,5,2
913,c,F,2,0,2,0,0,0,1,1,0,3,2
916,e,F,5,0,4,2,1,0,1,0,0,3,0
917,b,F,4,0,4,0,1,0,2,1,1,3,1
918,b,F,4,0,3,1,1,1,2,1,1,4,0
920,e,M,2,0,4,1,0,0,1,0,0,3,1
922,b,F,4,1,4,1,1,0,1,1,0,2,2
924,b,M,1,1,4,0,1,0,1,0,0,4,2
926,d,F,3,1,4,2,1,0,2,1,1,3,1
927,b,F,2,0,4,3,1,1,1,1,0,3,2
928,e,M,2,0,4,1,2,0,3,1,1,4,1
930,c,F,5,1,3,0,0,1,2,0,1,3,2
933,d,F,3,0,4,0,2,0,1,1,1,2,0
934,b,F,4,1,4,1,2,1,3,1,1,3,2
935,c,F,4,0,3,1,1,0,2,1,1,1,0
936,e,M,3,0,4,1,0,1,1,0,0,4,2
937,d,F,3,0,4,2,1,1,1,0,0,2,1
939,d,F,5,0,4,1,1,1,2,1,1,3,1
941,c,F,3,1,3,1,2,1,1,0,1,5,2
942,b,F,2,0,4,0,1,0,1,1,1,2,1
943,c,F,5,1,2,0,2,1,2,1,1,6,2
944,a,F,5,0,2,0,0,0,1,0,0,2,1
946,d,M,3,1,4,1,1,0,2,1,1,2,2
947,d,F,5,0,3,0,0,0,3,0,1,6,0
948,c,M,3,0,4,2,2,0,1,1,1,3,1
950,b,F,3,0,3,3,1,1,2,1,1,1,0
952,e,M,3,1,3,0,2,1,2,0,1,4,1
953,e,F,2,1,1,2,0,1,2,1,1,2,2
955,b,M,3,1,2,1,0,0,1,0,0,4,1
957,d,M,3,1,2,0,0,0,1,1,0,1,1
958,d,M,5,1,3,1,2,1,3,0,0,2,0
959,c,F,3,0,4,2,1,1,1,0,0,2,2
960,d,F,5,1,2,1,0,1,2,1,1,3,2
962,b,F,2,1,4,2,1,0,2,1,1,3,2
964,c,F,3,0,4,1,1,0,2,1,1,3,2
965,c,M,4,1,3,1,0,0,2,0,0,4,0
966,c,F,4,1,3,1,1,0,2,1,1,4,2
967,e,F,5,1,3,2,0,0,2,1,1,4,0
968,b,M,2,1,3,1,1,0,4,0,1,3,0
971,e,F,2,0,3,2,1,0,1,1,1,1,0
976,b,M,3,0,4,1,1,1,2,1,1,2,0
979,e,M,4,1,4,1,1,0,3,1,1,4,2
980,a,F,4,0,4,1,1,1,2,1,0,2,0
982,c,M,3,1,2,2,1,0,1,0,0,1,1
983,b,M,2,0,4,2,1,0,1,0,1,2,0
985,c,F,3,1,4,1,2,0,1,1,0,3,2
986,b,F,4,0,2,0,0,0,1,1,1,2,1
987,c,F,3,1,4,1,2,0,1,1,1,4,2
990,c,F,5,1,2,0,0,0,1,0,0,3,2
992,c,F,2,0,4,2,2,0,1,1,0,4,1
994,c,M,3,1,4,2,1,0,1,1,1,4,2
995,c,F,5,0,3,2,1,1,2,1,1,4,0
999,b,F,5,0,2,0,0,0,1,0,0,2,1
1000,d,F,5,0,1,2,0,0,3,1,0,2,0
1002,c,M,4,0,3,1,1,0,2,1,1,3,1
1004,b,M,3,0,2,0,0,0,1,0,0,6,2
1005,d,F,2,0,4,3,1,0,1,1,0,1,2
1006,c,F,2,1,3,0,0,1,1,1,1,4,1
1009,d,F,4,1,3,1,0,0,3,0,1,4,1
1011,e,F,2,1,4,1,1,0,1,1,1,4,2
1012,d,F,5,1,4,1,1,1,1,1,1,4,2
1013,d,M,3,0,4,1,1,0,1,0,0,1,0
1014,d,F,5,0,4,2,1,0,2,1,1,4,2
1022,c,F,5,1,3,2,0,0,2,0,0,4,2
1024,b,F,5,0,3,1,0,0,2,1,1,2,0
1025,b,M,3,1,2,1,1,0,2,0,0,1,1
1027,a,M,4,1,3,0,0,0,3,0,0,2,1
1029,d,F,2,0,4,2,1,0,1,1,1,4,2
1031,d,M,5,0,1,0,0,0,1,0,0,3,0
1032,e,F,4,0,4,2,1,0,1,1,1,4,2
1035,b,F,5,1,3,2,0,0,2,0,0,2,2
1037,a,F,5,1,1,2,0,1,4,1,1,4,0
1039,c,F,3,0,4,2,2,0,1,0,0,4,2
1040,c,M,2,0,4,2,2,1,2,1,1,4,0
1042,b,M,2,0,4,0,1,0,3,1,1,4,1
1044,d,M,2,1,4,2,2,1,1,1,1,1,0
1045,b,M,2,1,2,2,2,0,3,1,1,4,2
1048,c,M,2,0,4,2,2,1,1,1,1,5,1
1049,e,M,3,1,4,2,2,1,2,1,1,4,0
1050,c,M,4,1,4,0,1,0,1,0,0,4,2
1051,d,F,4,1,1,1,0,1,1,0,0,3,2
1052,a,F,5,1,2,2,0,0,3,1,1,4,1
1057,b,F,5,1,1,1,1,0,2,1,1,2,1
1058,b,F,5,0,3,2,0,0,2,1,1,4,2
1059,d,M,2,1,3,1,1,0,2,1,0,4,2
1061,c,F,5,1,3,1,0,1,2,1,1,4,1
1063,d,M,3,1,3,3,2,0,2,1,1,1,0
1065,e,F,4,0,4,1,1,0,2,1,1,5,1
1072,d,M,3,1,4,2,2,1,2,1,1,3,1
1073,d,M,5,1,3,0,2,0,2,0,0,4,1
1074,d,F,3,0,2,2,2,1,2,1,1,2,1
1075,d,M,3,1,2,2,1,0,1,0,0,1,2
1078,d,M,3,1,4,1,1,0,1,1,0,4,2
1079,b,F,2,0,4,1,1,1,1,1,1,3,0
1080,e,F,4,0,4,1,1,0,2,1,1,3,0
1082,c,F,4,1,4,1,2,0,1,1,0,3,1
1083,b,M,3,1,1,2,0,0,2,1,1,3,1
1085,b,F,5,0,3,0,0,1,2,0,1,4,1
1086,d,F,4,1,3,1,0,1,3,1,1,4,2
1088,d,F,2,0,2,2,0,1,1,1,0,1,0
1091,b,F,5,1,2,1,0,0,3,1,1,4,1
1092,b,F,2,1,4,3,2,1,2,1,1,4,2
1093,c,M,4,1,3,2,1,0,2,0,0,4,2
1095,d,M,2,1,4,1,1,0,3,1,0,4,2
1096,d,M,5,1,4,1,1,1,3,1,1,4,1
1104,d,F,4,1,4,2,1,0,1,0,0,1,1
1106,d,M,2,0,4,3,1,0,1,0,0,4,0
1107,b,F,3,0,3,2,1,1,1,1,0,2,1
1108,c,M,4,1,3,0,0,0,2,0,0,2,2
1111,b,F,5,0,4,1,2,0,2,1,1,2,1
1113,b,F,5,1,3,1,0,0,1,1,1,4,1
1115,b,F,2,1,3,1,1,0,2,1,1,6,2
1116,d,F,5,0,4,0,1,0,2,0,0,4,1
1117,d,F,2,0,4,1,1,0,1,1,0,5,2
1118,c,M,4,1,3,1,2,1,4,1,1,3,2
1124,c,F,4,0,2,1,0,0,2,0,1,3,1
1129,c,M,2,0,4,2,1,0,1,1,0,4,2
1131,c,F,4,0,2,1,1,0,2,0,1,3,0
1132,d,F,2,0,4,2,2,0,1,1,1,1,0
1133,d,F,4,0,4,0,1,0,2,1,0,1,0
1134,b,M,3,1,2,1,1,1,2,0,0,4,2
1136,e,F,5,1,2,1,0,0,2,1,1,4,2
1138,d,F,3,0,4,1,1,1,2,0,1,2,1
1141,e,F,5,0,3,0,1,1,2,1,1,4,2
1146,b,F,2,1,0,0,NA,1,2,1,1,3,1
1148,c,M,4,1,2,2,0,0,2,0,1,4,2
1151,d,M,5,1,4,2,1,0,3,1,1,3,0
1152,d,F,3,0,4,1,1,1,1,1,0,2,2
1156,a,F,4,0,3,1,1,0,1,1,0,3,1
1163,d,F,5,1,2,0,0,0,2,0,0,4,1
1168,d,M,2,0,4,2,2,1,2,1,1,4,1
1169,d,F,5,1,3,0,0,0,3,1,1,4,1
1170,b,F,2,0,4,1,1,0,1,0,0,2,0
1172,d,F,2,0,4,2,2,0,1,1,0,2,1
1178,b,F,5,1,4,0,1,0,1,1,0,4,2
1185,d,M,5,1,4,1,0,0,1,1,1,3,0
1191,e,F,5,1,2,1,1,0,2,0,0,4,2
1197,d,M,2,0,4,0,0,0,1,0,0,1,0
1203,c,M,2,1,2,2,0,0,1,0,0,1,1
1206,e,F,5,0,3,1,0,1,1,1,1,4,1
1207,d,M,5,1,4,1,1,0,2,0,0,4,2
1209,d,M,5,1,3,2,2,1,3,1,1,2,0
1210,e,F,2,0,2,0,0,0,2,1,1,4,0
1211,c,M,2,0,4,1,2,0,1,1,1,4,1
1212,c,M,2,1,3,2,2,1,4,1,1,4,2
1213,d,F,5,0,3,2,2,0,2,1,1,1,0
1214,e,M,4,1,2,1,0,1,2,1,1,4,1
1215,c,F,4,0,4,2,1,0,1,0,0,2,2
1217,b,F,2,0,3,2,0,1,1,1,0,4,1
1221,b,F,2,0,4,1,1,0,1,1,1,4,0
1225,d,F,3,1,2,2,0,1,3,1,1,3,2
1231,d,F,3,0,4,1,1,0,1,1,0,2,2
1238,d,M,2,0,4,2,2,1,4,1,1,1,0
1241,d,F,3,0,4,2,1,0,1,1,1,1,0
1247,d,F,2,0,4,1,1,0,1,1,0,3,1
1248,d,M,2,1,4,2,1,1,2,1,1,5,0
1250,c,M,2,1,2,0,0,0,2,0,0,3,0
1264,d,M,2,1,3,2,2,1,2,1,1,3,1
1269,b,F,2,0,4,2,1,0,2,0,1,3,2
1283,e,F,1,0,4,1,1,0,2,0,0,5,1
1284,b,F,2,0,4,1,1,0,2,1,1,3,1
1285,c,M,2,0,4,2,1,1,1,1,1,3,1
1291,b,F,2,0,4,1,1,1,1,1,0,3,1
1294,b,F,2,0,3,2,1,0,2,1,1,4,1
1301,e,M,4,1,3,0,1,0,2,1,1,3,1
1321,d,M,2,0,4,1,1,0,1,1,1,1,0
1328,c,F,4,1,2,1,0,0,1,0,0,4,2
1329,e,F,2,0,3,2,1,0,1,1,1,3,0
1332,e,M,2,1,2,1,2,0,2,0,1,4,1
1340,c,F,4,1,3,1,0,1,2,1,1,3,2
1353,c,F,4,1,1,1,0,0,2,1,1,4,2
1357,d,F,2,0,4,0,0,0,1,0,0,4,0
1367,a,F,4,0,4,0,1,0,1,1,1,2,0
1377,d,M,2,0,4,1,1,1,3,1,1,4,1
1383,c,F,4,0,3,2,2,0,3,1,1,2,2
1387,c,M,2,0,4,1,1,0,1,0,0,4,1
1388,c,F,4,1,2,0,1,0,1,1,0,3,2
1389,c,M,2,1,3,2,1,0,2,1,1,4,2
1390,b,M,2,0,4,0,1,0,2,1,0,4,0
1399,d,M,2,1,3,2,2,1,1,0,0,1,1
1408,d,M,2,0,4,1,1,0,1,1,0,4,0
1419,b,M,2,0,3,0,0,0,1,1,1,3,0
1421,c,F,4,0,4,3,2,1,3,1,1,3,0
1427,b,M,1,0,4,3,1,0,1,1,0,2,0
1429,e,F,2,1,3,1,1,1,2,1,1,1,1
1431,b,M,2,1,4,1,2,1,1,1,1,4,2
1445,e,F,2,1,4,2,2,0,1,1,1,4,2
1462,d,M,2,0,3,1,0,1,2,0,0,1,0
1467,c,M,1,0,4,0,0,0,3,0,0,5,1
1472,b,M,2,0,4,2,2,1,1,1,0,4,1
1476,a,F,4,1,2,1,0,0,2,0,0,2,1
1495,d,M,2,0,3,2,1,0,1,0,0,5,0
1499,d,M,2,1,2,1,0,1,1,0,0,1,0
1500,c,F,4,0,4,2,1,0,2,0,1,2,2
1514,e,F,2,0,4,2,1,1,1,1,0,5,0
1515,d,M,2,1,3,2,0,0,1,0,0,4,2
1516,d,M,2,0,3,2,0,0,1,1,1,1,0
1524,e,M,2,0,3,1,0,0,1,1,0,4,0
1549,c,M,2,0,4,2,2,1,1,1,1,1,0
1550,e,M,2,0,4,2,1,0,1,1,1,2,1
1555,c,M,2,1,2,1,1,1,2,1,1,1,0
1597,c,M,2,0,4,0,1,1,2,0,0,4,0
1604,e,M,2,0,4,2,2,1,1,1,1,2,1
1617,b,M,2,1,4,1,1,1,2,0,0,3,1
1622,e,M,2,0,4,2,0,1,1,1,0,5,2
1624,b,M,2,1,4,0,2,0,2,1,1,3,1
1626,b,M,2,0,4,1,1,1,3,1,1,3,2
1632,e,M,2,0,4,2,2,1,2,1,1,7,2
1635,b,M,2,0,4,2,0,1,1,1,1,4,0
1636,b,M,2,0,4,0,1,0,1,1,0,4,2
1644,c,M,2,0,4,1,1,1,1,1,0,3,1
1652,e,M,2,0,4,1,2,0,1,1,0,1,2
1654,c,M,2,0,4,2,1,0,2,1,1,3,2
1655,c,M,2,0,3,2,0,0,1,0,0,3,2
1657,b,M,2,1,4,3,2,1,5,1,1,4,2
1663,b,F,1,0,4,2,0,0,2,1,1,3,2
1666,c,F,1,0,4,0,0,0,1,1,1,2,2
1667,b,M,1,0,1,0,0,1,2,1,1,3,0
1669,a,F,1,0,3,1,0,0,2,0,0,4,1
1675,e,M,1,0,4,0,0,0,1,1,0,4,2
1676,c,F,1,0,4,0,0,0,1,0,1,4,1
1682,a,M,1,0,4,1,0,0,2,0,0,4,1
1683,e,M,1,0,3,1,0,0,1,1,0,5,1
1684,e,F,1,0,4,0,1,0,1,1,0,4,1
1686,a,M,1,0,4,1,2,1,3,1,1,4,0
1701,d,M,1,0,2,0,0,0,1,1,0,4,1
1705,d,M,1,0,4,1,1,0,2,1,1,3,1
1708,c,F,1,0,4,1,1,0,1,1,1,4,0
1709,b,M,2,1,4,2,1,0,2,0,0,4,1
1711,b,M,1,0,4,0,0,0,1,1,0,4,2
1714,b,F,1,0,3,0,1,0,1,0,0,4,1
1717,d,M,1,0,3,2,0,1,1,0,0,2,0
1729,c,F,1,0,4,0,1,1,1,1,1,4,1
1731,d,F,1,0,4,2,1,0,1,1,0,4,1
1733,d,F,1,0,3,1,1,0,2,1,0,4,1
1738,a,F,1,0,4,0,1,0,2,0,1,5,2
1744,c,F,1,1,4,0,1,1,4,1,1,4,2
1746,b,M,2,1,3,1,1,1,2,1,1,4,1
1749,d,F,1,0,4,1,1,0,1,1,0,4,1
1750,c,M,1,0,4,0,0,0,1,0,0,4,0
1751,d,M,1,0,3,0,0,0,1,1,0,3,2
1752,d,F,1,0,4,0,0,0,4,1,1,4,0
1758,c,F,1,0,4,2,1,1,4,1,1,1,0
1761,b,F,1,0,4,2,1,1,2,1,0,3,0
1765,d,M,1,0,2,0,0,0,1,1,1,3,1
1767,d,M,1,0,4,0,0,0,3,1,0,4,1
1776,b,M,1,0,2,0,0,0,1,0,0,1,0
1782,b,F,1,0,3,2,0,0,2,1,0,4,1
1784,d,M,1,0,3,1,0,0,2,0,0,4,2
1789,b,M,1,0,4,2,1,0,2,1,1,3,1
1792,d,F,1,0,4,3,1,0,1,0,0,4,2
1793,c,F,1,0,4,0,0,1,1,0,0,5,1
1794,d,M,1,0,4,1,1,0,2,1,1,4,1
1795,b,F,1,0,4,2,1,0,1,1,1,4,1
1798,d,M,1,0,4,2,0,1,2,1,1,5,1
1799,c,M,1,0,4,1,1,0,2,0,1,4,2
1801,c,F,1,0,3,0,0,0,1,0,0,2,0
1802,d,M,1,0,2,0,0,0,2,0,1,4,0
1803,b,F,1,0,4,2,1,0,1,1,1,4,2
1805,c,F,1,0,4,3,0,0,1,1,0,4,1
1806,e,M,1,0,2,1,0,1,3,0,1,3,2
1807,b,M,1,0,3,0,0,0,1,0,0,4,1
1808,d,F,1,0,3,0,0,1,4,1,1,5,0
1809,b,M,2,0,4,1,1,1,3,1,1,4,2
1810,b,F,1,0,3,0,0,0,1,1,0,4,0
1817,d,F,1,1,4,0,1,0,2,1,0,3,0
1832,e,M,1,0,4,0,0,0,1,0,0,4,1
1843,d,F,1,0,4,0,1,0,3,1,1,7,0
1861,b,F,1,0,4,2,2,0,1,1,1,4,2
1864,b,M,2,0,3,2,2,0,1,0,0,1,2
1874,d,F,1,0,4,1,0,0,1,1,0,5,1
1875,b,M,1,0,4,1,1,0,1,0,0,6,2
1876,b,M,1,0,3,2,0,0,1,0,1,4,0
1877,b,M,1,1,3,2,0,0,4,1,1,4,1
1881,b,M,1,0,3,0,0,0,1,1,1,4,0
1898,b,F,1,1,3,0,0,1,4,1,1,4,0
1921,c,M,1,0,4,0,0,1,3,1,1,5,1
1925,b,F,1,0,4,1,1,0,1,1,0,3,2
1935,b,F,1,0,4,1,1,0,1,1,0,4,2
1937,c,M,1,0,2,1,0,1,2,1,1,4,1
1938,e,F,1,0,4,1,2,0,1,1,1,4,1
1947,c,M,1,1,3,2,2,1,3,1,1,3,2
1982,c,M,1,0,2,1,0,0,2,1,1,4,2
1987,c,M,1,0,4,1,2,0,4,1,1,4,2
